File,Vulns,Trivy,Checkov,Kubeaudit,KubeLinter,Polaris,KubeScore,Kubescape,Conftest (OPA),KubeConform,RBAC-Police,Pluto,Gitleaks,Yamllint
3.efs_plugin_misconfig.yaml,Default capabilities not dropped,✔,✔,✔,,✔,,✔,✔,,,,,
3.efs_plugin_misconfig.yaml,Default namespace,✔,✔,,✔,,,✔,✔,,,,,
3.efs_plugin_misconfig.yaml,Default service account token mounted,,✔,✔,,✔,,✔,✔,,,,,
3.efs_plugin_misconfig.yaml,Deployment selector missing,,,,,,,✔,,,,,,
3.efs_plugin_misconfig.yaml,Docker socket mounted,,,,,,,✔,,,,,,
3.efs_plugin_misconfig.yaml,Filesystem not read-only,✔,✔,✔,✔,✔,✔,✔,,,,,,
3.efs_plugin_misconfig.yaml,Image not pinned by digest,,✔,,,✔,,,,,,,,
3.efs_plugin_misconfig.yaml,ImagePullPolicy not Always,✔,✔,,,✔,✔,✔,✔,,,,,
3.efs_plugin_misconfig.yaml,Ingress backend not found,,,,,✔,✔,✔,,,,,,
3.efs_plugin_misconfig.yaml,NetworkPolicy missing selectors,,✔,,,✔,✔,✔,,,,,,
3.efs_plugin_misconfig.yaml,No AppArmor profile,,,✔,,✔,,,✔,,,,,
3.efs_plugin_misconfig.yaml,No CPU limit,✔,✔,,✔,✔,✔,✔,✔,,,,,
3.efs_plugin_misconfig.yaml,No CPU request,✔,✔,,✔,✔,✔,✔,✔,,,,,
3.efs_plugin_misconfig.yaml,No TLS configured (Ingress),,,,,✔,,✔,,,,,,
3.efs_plugin_misconfig.yaml,No livenessProbe,,✔,,,✔,,✔,✔,,,,,
3.efs_plugin_misconfig.yaml,No memory limit,✔,✔,,✔,✔,✔,✔,✔,,,,,
3.efs_plugin_misconfig.yaml,No memory request,✔,✔,,✔,✔,✔,✔,✔,,,,,
3.efs_plugin_misconfig.yaml,No network policy,,✔,,,✔,✔,,✔,,,,,
3.efs_plugin_misconfig.yaml,No readinessProbe,,✔,,,✔,,✔,✔,,,,,
3.efs_plugin_misconfig.yaml,No seccomp profile,✔,✔,✔,,✔,,✔,✔,,,,,
3.efs_plugin_misconfig.yaml,No security context,✔,✔,✔,✔,,✔,✔,✔,,,,,
3.efs_plugin_misconfig.yaml,Privilege escalation allowed,✔,✔,✔,✔,✔,,✔,✔,,,,,
3.efs_plugin_misconfig.yaml,Privileged container,✔,✔,✔,✔,✔,✔,✔,✔,,,,,
3.efs_plugin_misconfig.yaml,Runs as root user,✔,✔,✔,✔,✔,✔,✔,✔,,,,,
3.efs_plugin_misconfig.yaml,Single replica (non-HA),,,,,,,✔,,,,,,
3.efs_plugin_misconfig.yaml,Unencrypted Secret,,,,,,✔,✔,,,,,,
3.efs_plugin_misconfig.yaml,Using latest tag,✔,✔,,,✔,,✔,,,,,,

3.multus_cni_misconfig.yaml,Default capabilities not dropped,,,,,✔,,✔,,,,,,
3.multus_cni_misconfig.yaml,Default namespace,,,,,,,✔,,,,,,
3.multus_cni_misconfig.yaml,Default service account token mounted,,,,,✔,,✔,,,,,,
3.multus_cni_misconfig.yaml,Deployment selector missing,,,,,,,✔,,,,,,
3.multus_cni_misconfig.yaml,Docker socket mounted,,,,,,,✔,,,,,,
3.multus_cni_misconfig.yaml,Filesystem not read-only,,,,,✔,,✔,,,,,,
3.multus_cni_misconfig.yaml,Image not pinned by digest,,,,,✔,,,,,,,,
3.multus_cni_misconfig.yaml,ImagePullPolicy not Always,,,,,✔,,✔,,,,,,
3.multus_cni_misconfig.yaml,Ingress backend not found,,,,,✔,,✔,,,,,,
3.multus_cni_misconfig.yaml,NetworkPolicy missing selectors,,,,,✔,,✔,,,,,,
3.multus_cni_misconfig.yaml,No AppArmor profile,,,,,✔,,,,,,,,
3.multus_cni_misconfig.yaml,No CPU limit,,,,,✔,,✔,,,,,,
3.multus_cni_misconfig.yaml,No CPU request,,,,,✔,,✔,,,,,,
3.multus_cni_misconfig.yaml,No TLS configured (Ingress),,,,,✔,,✔,,,,,,
3.multus_cni_misconfig.yaml,No livenessProbe,,,,,✔,,✔,,,,,,
3.multus_cni_misconfig.yaml,No memory limit,,,,,✔,,✔,,,,,,
3.multus_cni_misconfig.yaml,No memory request,,,,,✔,,✔,,,,,,
3.multus_cni_misconfig.yaml,No network policy,,,,,✔,,,,,,,,
3.multus_cni_misconfig.yaml,No readinessProbe,,,,,✔,,✔,,,,,,
3.multus_cni_misconfig.yaml,No seccomp profile,,,,,✔,,✔,,,,,,
3.multus_cni_misconfig.yaml,No security context,,,,,,,✔,,,,,,
3.multus_cni_misconfig.yaml,Privilege escalation allowed,,,,,✔,,✔,,,,,,
3.multus_cni_misconfig.yaml,Privileged CNI plugin config,,,,,,,,✔,,,,,
3.multus_cni_misconfig.yaml,Privileged container,,,,,✔,,✔,,,,,,
3.multus_cni_misconfig.yaml,Runs as root user,,,,,✔,,✔,✔,,,,,
3.multus_cni_misconfig.yaml,Single replica (non-HA),,,,,,,✔,,,,,,
3.multus_cni_misconfig.yaml,Unencrypted Secret,,,,,,,✔,,,,,,
3.multus_cni_misconfig.yaml,Using latest tag,,,,,✔,,✔,,,,,,

3.nginx_pod_example.yaml,Default capabilities not dropped,✔,✔,✔,,✔,,✔,✔,,,,,
3.nginx_pod_example.yaml,Default namespace,✔,✔,,✔,,,✔,✔,,,,,
3.nginx_pod_example.yaml,Default service account token mounted,,✔,✔,,✔,,✔,✔,,,,,
3.nginx_pod_example.yaml,Deployment selector missing,,,,,,,✔,,,,,,
3.nginx_pod_example.yaml,Docker socket mounted,,,,,,,✔,,,,,,
3.nginx_pod_example.yaml,Filesystem not read-only,✔,✔,✔,✔,✔,✔,✔,✔,,,,,
3.nginx_pod_example.yaml,Image not pinned by digest,,✔,,,✔,,,,,,,,
3.nginx_pod_example.yaml,ImagePullPolicy not Always,,✔,,,✔,✔,✔,✔,,,,,
3.nginx_pod_example.yaml,Ingress backend not found,,,,,✔,✔,✔,,,,,,
3.nginx_pod_example.yaml,NetworkPolicy missing selectors,,✔,,,✔,✔,✔,,,,,,
3.nginx_pod_example.yaml,No AppArmor profile,,,✔,,✔,,,✔,,,,,
3.nginx_pod_example.yaml,No CPU limit,✔,✔,,✔,✔,✔,✔,✔,,,,,
3.nginx_pod_example.yaml,No CPU request,✔,✔,,✔,✔,✔,✔,✔,,,,,
3.nginx_pod_example.yaml,No TLS configured (Ingress),,,,,✔,,✔,,,,,,
3.nginx_pod_example.yaml,No livenessProbe,,✔,,,✔,,✔,✔,,,,,
3.nginx_pod_example.yaml,No memory limit,✔,✔,,✔,✔,✔,✔,✔,,,,,
3.nginx_pod_example.yaml,No memory request,✔,✔,,✔,✔,✔,✔,✔,,,,,
3.nginx_pod_example.yaml,No network policy,,✔,,,✔,✔,,✔,,,,,
3.nginx_pod_example.yaml,No readinessProbe,,✔,,,✔,,✔,✔,,,,,
3.nginx_pod_example.yaml,No seccomp profile,✔,✔,✔,,✔,,✔,✔,,,,,
3.nginx_pod_example.yaml,No security context,✔,✔,✔,✔,,✔,✔,✔,,,,,
3.nginx_pod_example.yaml,Privilege escalation allowed,✔,✔,✔,,✔,,✔,✔,,,,,
3.nginx_pod_example.yaml,Privileged container,✔,,,,✔,,✔,,,,,,
3.nginx_pod_example.yaml,Runs as root user,✔,✔,✔,✔,✔,✔,✔,✔,,,,,
3.nginx_pod_example.yaml,Single replica (non-HA),,,,,,,✔,,,,,,
3.nginx_pod_example.yaml,Unencrypted Secret,,,,,,✔,✔,,,,,,
3.nginx_pod_example.yaml,Using latest tag,,✔,,,✔,,✔,,,,,,

13.jenkins_agent_pod.yaml,Default capabilities not dropped,,,✔,,✔,,✔,✔,,,,,
13.jenkins_agent_pod.yaml,Default namespace,,,,✔,,,✔,,,,,,
13.jenkins_agent_pod.yaml,Default service account token mounted,,,✔,,✔,,✔,✔,,,,,
13.jenkins_agent_pod.yaml,Deployment selector missing,,,,,,,✔,,,,,,
13.jenkins_agent_pod.yaml,Docker socket mounted,,,✔,✔,,,✔,✔,,,,,
13.jenkins_agent_pod.yaml,Filesystem not read-only,,,✔,✔,✔,✔,✔,✔,,,,,
13.jenkins_agent_pod.yaml,Image not pinned by digest,,,,,✔,✔,,,,,,,
13.jenkins_agent_pod.yaml,ImagePullPolicy not Always,,,,,✔,,✔,✔,,,,,
13.jenkins_agent_pod.yaml,Ingress backend not found,,,,,✔,✔,✔,,,,,,
13.jenkins_agent_pod.yaml,NetworkPolicy missing selectors,,,,,✔,✔,✔,,,,,,
13.jenkins_agent_pod.yaml,No AppArmor profile,,,✔,,✔,,,✔,,,,,
13.jenkins_agent_pod.yaml,No CPU limit,,,,✔,✔,✔,✔,✔,,,,,
13.jenkins_agent_pod.yaml,No CPU request,,,,✔,✔,✔,✔,✔,,,,,
13.jenkins_agent_pod.yaml,No TLS configured (Ingress),,,,,✔,,✔,,,,,,
13.jenkins_agent_pod.yaml,No livenessProbe,,,,,✔,,✔,✔,,,,,
13.jenkins_agent_pod.yaml,No memory limit,,,,✔,✔,✔,✔,✔,,,,,
13.jenkins_agent_pod.yaml,No memory request,,,,✔,✔,✔,✔,✔,,,,,
13.jenkins_agent_pod.yaml,No network policy,,,,,✔,✔,,,,,,,
13.jenkins_agent_pod.yaml,No readinessProbe,,,,,✔,,✔,✔,,,,,
13.jenkins_agent_pod.yaml,No seccomp profile,,,✔,,✔,,✔,,,,,,
13.jenkins_agent_pod.yaml,No security context,,,✔,✔,,✔,✔,✔,,,,,
13.jenkins_agent_pod.yaml,Privilege escalation allowed,,,✔,,✔,,✔,,,,,,
13.jenkins_agent_pod.yaml,Privileged container,,,,,✔,,✔,,,,,,
13.jenkins_agent_pod.yaml,Runs as root user,,,✔,✔,✔,✔,✔,✔,,,,,
13.jenkins_agent_pod.yaml,Single replica (non-HA),,,,,,,✔,,,,,,
13.jenkins_agent_pod.yaml,Unencrypted Secret,,,,,,,✔,,,,,,
13.jenkins_agent_pod.yaml,Using latest tag,,,,✔,✔,✔,✔,✔,,,,,

13.nginx_privileged_deployment.yaml,Default capabilities not dropped,✔,✔,✔,,✔,,✔,,,,,,
13.nginx_privileged_deployment.yaml,Default namespace,✔,✔,,✔,,,✔,✔,,,,,
13.nginx_privileged_deployment.yaml,Default service account token mounted,,✔,✔,,✔,,✔,✔,,,,,
13.nginx_privileged_deployment.yaml,Deployment selector missing,,,,✔,,✔,✔,✔,,,,,
13.nginx_privileged_deployment.yaml,Docker socket mounted,,,,,,,✔,,,,,,
13.nginx_privileged_deployment.yaml,Filesystem not read-only,✔,✔,✔,✔,✔,✔,✔,,,,,,
13.nginx_privileged_deployment.yaml,Image not pinned by digest,✔,✔,,,✔,✔,,,,,,,
13.nginx_privileged_deployment.yaml,ImagePullPolicy not Always,,,,,✔,,✔,✔,,,,,
13.nginx_privileged_deployment.yaml,Ingress backend not found,,,,,✔,✔,✔,,,,,,
13.nginx_privileged_deployment.yaml,NetworkPolicy missing selectors,,,,✔,✔,✔,✔,,,,,,
13.nginx_privileged_deployment.yaml,No AppArmor profile,,,✔,,✔,,,✔,,,,,
13.nginx_privileged_deployment.yaml,No CPU limit,✔,✔,,✔,✔,✔,✔,✔,,,,,
13.nginx_privileged_deployment.yaml,No CPU request,✔,✔,,✔,✔,✔,✔,✔,,,,,
13.nginx_privileged_deployment.yaml,No TLS configured (Ingress),,,,,✔,,✔,,,,,,
13.nginx_privileged_deployment.yaml,No livenessProbe,,✔,,,✔,,✔,✔,,,,,
13.nginx_privileged_deployment.yaml,No memory limit,✔,✔,,✔,✔,✔,✔,✔,,,,,
13.nginx_privileged_deployment.yaml,No memory request,✔,✔,,✔,✔,✔,✔,✔,,,,,
13.nginx_privileged_deployment.yaml,No network policy,,,,,✔,✔,,✔,,,,,
13.nginx_privileged_deployment.yaml,No readinessProbe,,✔,,,✔,,✔,✔,,,,,
13.nginx_privileged_deployment.yaml,No seccomp profile,✔,✔,✔,,✔,,✔,✔,,,,,
13.nginx_privileged_deployment.yaml,No security context,✔,✔,✔,✔,,✔,✔,✔,,,,,
13.nginx_privileged_deployment.yaml,Privilege escalation allowed,✔,✔,✔,✔,✔,,✔,✔,,,,,
13.nginx_privileged_deployment.yaml,Privileged container,✔,✔,✔,✔,✔,✔,✔,✔,,,,,
13.nginx_privileged_deployment.yaml,Runs as root user,✔,✔,✔,✔,✔,✔,✔,✔,,,,,
13.nginx_privileged_deployment.yaml,Single replica (non-HA),,,,✔,,,✔,,,,,,
13.nginx_privileged_deployment.yaml,Unencrypted Secret,,,,,,,✔,,,,,,
13.nginx_privileged_deployment.yaml,Using latest tag,✔,✔,,✔,✔,✔,✔,✔,,,,,

14.deployment_single_replica.yaml,Default capabilities not dropped,✔,✔,✔,,✔,,✔,,,,,,
14.deployment_single_replica.yaml,Default namespace,✔,✔,,✔,,,✔,✔,,,,,
14.deployment_single_replica.yaml,Default service account token mounted,,✔,✔,,✔,,✔,✔,,,,,
14.deployment_single_replica.yaml,Deployment selector missing,,,,,,,✔,,,,,,
14.deployment_single_replica.yaml,Docker socket mounted,,,,,,,✔,,,,,,
14.deployment_single_replica.yaml,Filesystem not read-only,✔,✔,✔,✔,✔,✔,✔,✔,,,,,
14.deployment_single_replica.yaml,Image not pinned by digest,✔,✔,,,✔,✔,,,,,,,
14.deployment_single_replica.yaml,ImagePullPolicy not Always,,,,,✔,,✔,✔,,,,,
14.deployment_single_replica.yaml,Ingress backend not found,,,,,✔,✔,✔,,,,,,
14.deployment_single_replica.yaml,NetworkPolicy missing selectors,,✔,,,✔,✔,✔,,,,,,
14.deployment_single_replica.yaml,No AppArmor profile,,,✔,,✔,,,✔,,,,,
14.deployment_single_replica.yaml,No CPU limit,✔,✔,,✔,✔,✔,✔,✔,,,,,
14.deployment_single_replica.yaml,No CPU request,✔,✔,,✔,✔,✔,✔,✔,,,,,
14.deployment_single_replica.yaml,No TLS configured (Ingress),,,,,✔,,✔,,,,,,
14.deployment_single_replica.yaml,No livenessProbe,,✔,,,✔,,✔,✔,,,,,
14.deployment_single_replica.yaml,No memory limit,✔,✔,,✔,✔,✔,✔,✔,,,,,
14.deployment_single_replica.yaml,No memory request,✔,✔,,✔,✔,✔,✔,✔,,,,,
14.deployment_single_replica.yaml,No network policy,,✔,,,✔,✔,,✔,,,,,
14.deployment_single_replica.yaml,No readinessProbe,,✔,,,✔,,✔,✔,,,,,
14.deployment_single_replica.yaml,No seccomp profile,✔,✔,✔,,✔,,✔,✔,,,,,
14.deployment_single_replica.yaml,No security context,✔,✔,✔,✔,,✔,✔,✔,,,,,
14.deployment_single_replica.yaml,Privilege escalation allowed,✔,✔,✔,,✔,,✔,✔,,,,,
14.deployment_single_replica.yaml,Privileged container,✔,,,,✔,,✔,,,,,,
14.deployment_single_replica.yaml,Runs as root user,✔,✔,✔,✔,✔,✔,✔,✔,,,,,
14.deployment_single_replica.yaml,Single replica (non-HA),✔,✔,✔,✔,,,✔,✔,,,,,
14.deployment_single_replica.yaml,Unencrypted Secret,,,,,,,✔,,,,,,
14.deployment_single_replica.yaml,Using latest tag,✔,✔,,✔,✔,✔,✔,✔,,,,,

14.genkubesec_privileged_pod.yaml,Default capabilities not dropped,✔,✔,✔,,✔,,✔,✔,,,,,
14.genkubesec_privileged_pod.yaml,Default namespace,✔,✔,,✔,,,✔,✔,,,,,
14.genkubesec_privileged_pod.yaml,Default service account token mounted,,✔,✔,,✔,,✔,✔,,,,,
14.genkubesec_privileged_pod.yaml,Deployment selector missing,,,,,,,✔,,,,,,
14.genkubesec_privileged_pod.yaml,Docker socket mounted,,,,,,,✔,,,,,,
14.genkubesec_privileged_pod.yaml,Filesystem not read-only,✔,✔,✔,✔,✔,✔,✔,,,,,,
14.genkubesec_privileged_pod.yaml,Image not pinned by digest,✔,✔,,,✔,✔,,✔,,,,,
14.genkubesec_privileged_pod.yaml,ImagePullPolicy not Always,,,,,✔,,✔,✔,,,,,
14.genkubesec_privileged_pod.yaml,Ingress backend not found,,,,,✔,✔,✔,,,,,,
14.genkubesec_privileged_pod.yaml,NetworkPolicy missing selectors,,✔,,,✔,✔,✔,,,,,,
14.genkubesec_privileged_pod.yaml,No AppArmor profile,,,✔,,✔,,,✔,,,,,
14.genkubesec_privileged_pod.yaml,No CPU limit,✔,✔,,✔,✔,✔,✔,✔,,,,,
14.genkubesec_privileged_pod.yaml,No CPU request,✔,✔,,✔,✔,✔,✔,✔,,,,,
14.genkubesec_privileged_pod.yaml,No TLS configured (Ingress),,,,,✔,,✔,,,,,,
14.genkubesec_privileged_pod.yaml,No livenessProbe,,✔,,,✔,,✔,✔,,,,,
14.genkubesec_privileged_pod.yaml,No memory limit,✔,✔,,✔,✔,✔,✔,✔,,,,,
14.genkubesec_privileged_pod.yaml,No memory request,✔,✔,,✔,✔,✔,✔,✔,,,,,
14.genkubesec_privileged_pod.yaml,No network policy,,✔,,,✔,✔,,✔,,,,,
14.genkubesec_privileged_pod.yaml,No readinessProbe,,✔,,,✔,,✔,✔,,,,,
14.genkubesec_privileged_pod.yaml,No seccomp profile,✔,✔,✔,,✔,,✔,✔,,,,,
14.genkubesec_privileged_pod.yaml,No security context,✔,✔,✔,✔,,✔,✔,✔,,,,,
14.genkubesec_privileged_pod.yaml,Privilege escalation allowed,✔,✔,✔,✔,✔,,✔,✔,,,,,
14.genkubesec_privileged_pod.yaml,Privileged container,✔,✔,✔,✔,✔,✔,✔,✔,,,,,
14.genkubesec_privileged_pod.yaml,Runs as root user,✔,✔,✔,✔,✔,✔,✔,✔,,,,,
14.genkubesec_privileged_pod.yaml,Single replica (non-HA),,,,,,,✔,,,,,,
14.genkubesec_privileged_pod.yaml,Unencrypted Secret,,,,,,,✔,,,,,,
14.genkubesec_privileged_pod.yaml,Using latest tag,✔,✔,,✔,✔,✔,✔,✔,,,,,

14.ingress_deprecated_api.yaml,Default capabilities not dropped,,,,,✔,,,,,,,,
14.ingress_deprecated_api.yaml,Default namespace,,✔,,✔,,,,✔,,,,,
14.ingress_deprecated_api.yaml,Default service account token mounted,,,,,✔,,,,,,,,
14.ingress_deprecated_api.yaml,Filesystem not read-only,,,,,✔,,,,,,,,
14.ingress_deprecated_api.yaml,Image not pinned by digest,,,,,✔,,,,,,,,
14.ingress_deprecated_api.yaml,ImagePullPolicy not Always,,,,,✔,,,,,,,,
14.ingress_deprecated_api.yaml,Ingress backend not found,,✔,,✔,✔,✔,,,,,,,
14.ingress_deprecated_api.yaml,NetworkPolicy missing selectors,,,,,✔,,,,,,,,
14.ingress_deprecated_api.yaml,No AppArmor profile,,,,,✔,,,,,,,,
14.ingress_deprecated_api.yaml,No CPU limit,,,,,✔,,,,,,,,
14.ingress_deprecated_api.yaml,No CPU request,,,,,✔,,,,,,,,
14.ingress_deprecated_api.yaml,No TLS configured (Ingress),,✔,,✔,✔,✔,,✔,,,,,
14.ingress_deprecated_api.yaml,No livenessProbe,,,,,✔,,,,,,,,
14.ingress_deprecated_api.yaml,No memory limit,,,,,✔,,,,,,,,
14.ingress_deprecated_api.yaml,No memory request,,,,,✔,,,,,,,,
14.ingress_deprecated_api.yaml,No network policy,,,,,✔,,,,,,,,
14.ingress_deprecated_api.yaml,No readinessProbe,,,,,✔,,,,,,,,
14.ingress_deprecated_api.yaml,No seccomp profile,,,,,✔,,,,,,,,
14.ingress_deprecated_api.yaml,Privilege escalation allowed,,,,,✔,,,,,,,,
14.ingress_deprecated_api.yaml,Privileged container,,,,,✔,,,,,,,,
14.ingress_deprecated_api.yaml,Runs as root user,,,,,✔,,,✔,,,,,
14.ingress_deprecated_api.yaml,Using latest tag,,✔,,,✔,,,,,,,,

15.pod_privilege_escalation.yaml,Default capabilities not dropped,✔,✔,✔,,✔,,✔,✔,,,,,
15.pod_privilege_escalation.yaml,Default namespace,✔,✔,,✔,,,✔,✔,,,,,
15.pod_privilege_escalation.yaml,Default service account token mounted,,✔,✔,,✔,,✔,✔,,,,,
15.pod_privilege_escalation.yaml,Deployment selector missing,,,,,,,✔,,,,,,
15.pod_privilege_escalation.yaml,Docker socket mounted,,,,,,,✔,,,,,,
15.pod_privilege_escalation.yaml,Filesystem not read-only,✔,✔,✔,✔,✔,✔,✔,,,,,,
15.pod_privilege_escalation.yaml,Image not pinned by digest,✔,✔,,,✔,✔,,✔,,,,,
15.pod_privilege_escalation.yaml,ImagePullPolicy not Always,,,,,✔,,✔,✔,,,,,
15.pod_privilege_escalation.yaml,Ingress backend not found,,,,,✔,✔,✔,,,,,,
15.pod_privilege_escalation.yaml,NetworkPolicy missing selectors,,✔,,,✔,✔,✔,,,,,,
15.pod_privilege_escalation.yaml,No AppArmor profile,,,✔,,✔,,,✔,,,,,
15.pod_privilege_escalation.yaml,No CPU limit,✔,✔,,✔,✔,✔,✔,✔,,,,,
15.pod_privilege_escalation.yaml,No CPU request,✔,✔,,✔,✔,✔,✔,✔,,,,,
15.pod_privilege_escalation.yaml,No TLS configured (Ingress),,,,,✔,,✔,,,,,,
15.pod_privilege_escalation.yaml,No livenessProbe,,✔,,,✔,,✔,✔,,,,,
15.pod_privilege_escalation.yaml,No memory limit,✔,✔,,✔,✔,✔,✔,✔,,,,,
15.pod_privilege_escalation.yaml,No memory request,✔,✔,,✔,✔,✔,✔,✔,,,,,
15.pod_privilege_escalation.yaml,No network policy,,✔,,,✔,✔,,✔,,,,,
15.pod_privilege_escalation.yaml,No readinessProbe,,✔,,,✔,,✔,✔,,,,,
15.pod_privilege_escalation.yaml,No seccomp profile,✔,✔,✔,,✔,,✔,✔,,,,,
15.pod_privilege_escalation.yaml,No security context,✔,✔,✔,✔,,✔,✔,✔,,,,,
15.pod_privilege_escalation.yaml,Privilege escalation allowed,✔,✔,✔,✔,✔,,✔,✔,,,,,
15.pod_privilege_escalation.yaml,Privileged container,✔,,,✔,✔,,✔,,,,,,
15.pod_privilege_escalation.yaml,Runs as root user,✔,✔,✔,✔,✔,✔,✔,✔,,,,,
15.pod_privilege_escalation.yaml,Single replica (non-HA),,,,,,,✔,,,,,,
15.pod_privilege_escalation.yaml,Unencrypted Secret,,,,,,,✔,,,,,,
15.pod_privilege_escalation.yaml,Using latest tag,✔,✔,,✔,✔,✔,✔,✔,,,,,

16.busybox_pod_missing_memory.yaml,Default capabilities not dropped,✔,✔,✔,,✔,,✔,✔,,,,,
16.busybox_pod_missing_memory.yaml,Default namespace,✔,✔,✔,✔,,,✔,,,,,,
16.busybox_pod_missing_memory.yaml,Default service account token mounted,,✔,✔,,✔,,✔,✔,,,,,
16.busybox_pod_missing_memory.yaml,Deployment selector missing,,,,,,,✔,,,,,,
16.busybox_pod_missing_memory.yaml,Docker socket mounted,,,,,,,✔,,,,,,
16.busybox_pod_missing_memory.yaml,Filesystem not read-only,✔,✔,✔,✔,✔,✔,✔,✔,,,,,
16.busybox_pod_missing_memory.yaml,Image not pinned by digest,,✔,,,✔,,,,,,,,
16.busybox_pod_missing_memory.yaml,ImagePullPolicy not Always,✔,,,,✔,,✔,,,,,,
16.busybox_pod_missing_memory.yaml,Ingress backend not found,,,,,✔,✔,✔,,,,,,
16.busybox_pod_missing_memory.yaml,NetworkPolicy missing selectors,,✔,,,✔,✔,✔,,,,,,
16.busybox_pod_missing_memory.yaml,No AppArmor profile,,,✔,,✔,,,✔,,,,,
16.busybox_pod_missing_memory.yaml,No CPU limit,✔,✔,,,✔,✔,✔,✔,,,,,
16.busybox_pod_missing_memory.yaml,No CPU request,✔,,,,✔,✔,✔,,,,,,
16.busybox_pod_missing_memory.yaml,No TLS configured (Ingress),,,,,✔,,✔,,,,,,
16.busybox_pod_missing_memory.yaml,No livenessProbe,,✔,,,✔,,✔,✔,,,,,
16.busybox_pod_missing_memory.yaml,No memory limit,✔,✔,,✔,✔,✔,✔,✔,,,,,
16.busybox_pod_missing_memory.yaml,No memory request,✔,✔,,✔,✔,✔,✔,✔,,,,,
16.busybox_pod_missing_memory.yaml,No network policy,,✔,,,✔,✔,,✔,,,,,
16.busybox_pod_missing_memory.yaml,No readinessProbe,,✔,,,✔,,✔,✔,,,,,
16.busybox_pod_missing_memory.yaml,No seccomp profile,✔,✔,✔,,✔,,✔,✔,,,,,
16.busybox_pod_missing_memory.yaml,No security context,✔,✔,✔,✔,,✔,✔,✔,,,,,
16.busybox_pod_missing_memory.yaml,Privilege escalation allowed,✔,✔,✔,,✔,,✔,✔,,,,,
16.busybox_pod_missing_memory.yaml,Privileged container,✔,,,,✔,,✔,,,,,,
16.busybox_pod_missing_memory.yaml,Runs as root user,✔,✔,✔,✔,✔,✔,✔,✔,,,,,
16.busybox_pod_missing_memory.yaml,Single replica (non-HA),,,,,,,✔,,,,,,
16.busybox_pod_missing_memory.yaml,Unencrypted Secret,,,,,,,✔,,,,,,
16.busybox_pod_missing_memory.yaml,Using latest tag,,✔,,,✔,,✔,,,,,,

20.wordpress_mariadb_compose.yaml,Default capabilities not dropped,,,,,✔,,,,,,,,
20.wordpress_mariadb_compose.yaml,Default service account token mounted,,,,,✔,,,,,,,,
20.wordpress_mariadb_compose.yaml,Filesystem not read-only,,,,,✔,,,,,,,,
20.wordpress_mariadb_compose.yaml,Image not pinned by digest,,,,,✔,,,,,,,,
20.wordpress_mariadb_compose.yaml,ImagePullPolicy not Always,,,,,✔,,,,,,,,
20.wordpress_mariadb_compose.yaml,Ingress backend not found,,,,,✔,,,,,,,,
20.wordpress_mariadb_compose.yaml,NetworkPolicy missing selectors,,,,,✔,,,,,,,,
20.wordpress_mariadb_compose.yaml,No AppArmor profile,,,,,✔,,,,,,,,
20.wordpress_mariadb_compose.yaml,No CPU limit,,,,,✔,,,,,,,,
20.wordpress_mariadb_compose.yaml,No CPU request,,,,,✔,,,,,,,,
20.wordpress_mariadb_compose.yaml,No TLS configured (Ingress),,,,,✔,,,,,,,,
20.wordpress_mariadb_compose.yaml,No livenessProbe,,,,,✔,,,,,,,,
20.wordpress_mariadb_compose.yaml,No memory limit,,,,,✔,,,,,,,,
20.wordpress_mariadb_compose.yaml,No memory request,,,,,✔,,,,,,,,
20.wordpress_mariadb_compose.yaml,No network policy,,,,,✔,,,,,,,,
20.wordpress_mariadb_compose.yaml,No readinessProbe,,,,,✔,,,,,,,,
20.wordpress_mariadb_compose.yaml,No seccomp profile,,,,,✔,,,,,,,,
20.wordpress_mariadb_compose.yaml,Privilege escalation allowed,,,,,✔,,,,,,,,
20.wordpress_mariadb_compose.yaml,Privileged container,,,,,✔,,,,,,,,
20.wordpress_mariadb_compose.yaml,Runs as root user,,,,,✔,,,✔,,,,,
20.wordpress_mariadb_compose.yaml,Unencrypted Secret,,,,,,,,,,,,✔,
20.wordpress_mariadb_compose.yaml,Using latest tag,,,,,✔,,,,,,,,

26.flink_port_mismatch.yaml,Default capabilities not dropped,✔,✔,✔,,✔,,✔,,,,,,
26.flink_port_mismatch.yaml,Default namespace,✔,✔,,✔,,,✔,✔,,,,,
26.flink_port_mismatch.yaml,Default service account token mounted,,✔,✔,,✔,,✔,✔,,,,,
26.flink_port_mismatch.yaml,Deployment selector missing,,,,,,,✔,,,,,,
26.flink_port_mismatch.yaml,Docker socket mounted,,,,,,,✔,,,,,,
26.flink_port_mismatch.yaml,Filesystem not read-only,✔,✔,✔,✔,✔,✔,✔,✔,,,,,
26.flink_port_mismatch.yaml,Image not pinned by digest,✔,✔,,,✔,✔,,✔,,,,,
26.flink_port_mismatch.yaml,ImagePullPolicy not Always,,,,,✔,,✔,✔,,,,,
26.flink_port_mismatch.yaml,Ingress backend not found,,,,,✔,✔,✔,,,,,,
26.flink_port_mismatch.yaml,NetworkPolicy missing selectors,,✔,,,✔,✔,✔,,,,,,
26.flink_port_mismatch.yaml,No AppArmor profile,,,✔,,✔,,,✔,,,,,
26.flink_port_mismatch.yaml,No CPU limit,✔,✔,,✔,✔,✔,✔,✔,,,,,
26.flink_port_mismatch.yaml,No CPU request,✔,✔,,✔,✔,✔,✔,✔,,,,,
26.flink_port_mismatch.yaml,No TLS configured (Ingress),,,,,✔,,✔,,,,,,
26.flink_port_mismatch.yaml,No livenessProbe,,✔,,,✔,,✔,✔,,,,,
26.flink_port_mismatch.yaml,No memory limit,✔,✔,,✔,✔,✔,✔,✔,,,,,
26.flink_port_mismatch.yaml,No memory request,✔,✔,,✔,✔,✔,✔,✔,,,,,
26.flink_port_mismatch.yaml,No network policy,,✔,,,✔,✔,,✔,,,,,
26.flink_port_mismatch.yaml,No readinessProbe,,✔,,,✔,,✔,✔,,,,,
26.flink_port_mismatch.yaml,No seccomp profile,✔,✔,✔,,✔,,✔,✔,,,,,
26.flink_port_mismatch.yaml,No security context,✔,✔,✔,✔,,✔,✔,✔,,,,,
26.flink_port_mismatch.yaml,Privilege escalation allowed,✔,✔,✔,,✔,,✔,✔,,,,,
26.flink_port_mismatch.yaml,Privileged container,✔,,,,✔,,✔,,,,,,
26.flink_port_mismatch.yaml,Runs as root user,✔,✔,✔,✔,✔,✔,✔,✔,,,,,
26.flink_port_mismatch.yaml,Single replica (non-HA),,,,,,,✔,✔,,,,,
26.flink_port_mismatch.yaml,Unencrypted Secret,,,,,,,✔,,,,,,
26.flink_port_mismatch.yaml,Using latest tag,✔,✔,,✔,✔,✔,✔,✔,,,,,

27.kubeteus_misconfigured_policy.yaml,Default capabilities not dropped,,,,,✔,,,,,,,,
27.kubeteus_misconfigured_policy.yaml,Default namespace,✔,,,,,,,,,,,,
27.kubeteus_misconfigured_policy.yaml,Default service account token mounted,,,,,✔,,,,,,,,
27.kubeteus_misconfigured_policy.yaml,Deployment selector missing,✔,,,,,,,,,,,,
27.kubeteus_misconfigured_policy.yaml,Filesystem not read-only,,,,,✔,,,,,,,,
27.kubeteus_misconfigured_policy.yaml,Image not pinned by digest,,,,,✔,,,,,,,,
27.kubeteus_misconfigured_policy.yaml,ImagePullPolicy not Always,,,,,✔,,,,,,,,
27.kubeteus_misconfigured_policy.yaml,Ingress backend not found,✔,,,,✔,,,,,,,,
27.kubeteus_misconfigured_policy.yaml,NetworkPolicy missing selectors,✔,,,,✔,,,✔,,,,,
27.kubeteus_misconfigured_policy.yaml,No AppArmor profile,,,,,✔,,,,,,,,
27.kubeteus_misconfigured_policy.yaml,No CPU limit,,,,,✔,,,,,,,,
27.kubeteus_misconfigured_policy.yaml,No CPU request,,,,,✔,,,,,,,,
27.kubeteus_misconfigured_policy.yaml,No TLS configured (Ingress),✔,,,,✔,,,,,,,,
27.kubeteus_misconfigured_policy.yaml,No livenessProbe,,,,,✔,,,,,,,,
27.kubeteus_misconfigured_policy.yaml,No memory limit,,,,,✔,,,,,,,,
27.kubeteus_misconfigured_policy.yaml,No memory request,,,,,✔,,,,,,,,
27.kubeteus_misconfigured_policy.yaml,No network policy,✔,,,,✔,,,,,,,,
27.kubeteus_misconfigured_policy.yaml,No readinessProbe,,,,,✔,,,,,,,,
27.kubeteus_misconfigured_policy.yaml,No seccomp profile,,,,,✔,,,,,,,,
27.kubeteus_misconfigured_policy.yaml,Privilege escalation allowed,,,,,✔,,,,,,,,
27.kubeteus_misconfigured_policy.yaml,Privileged container,,,,,✔,,,,,,,,
27.kubeteus_misconfigured_policy.yaml,Runs as root user,,,,,✔,,,✔,,,,,
27.kubeteus_misconfigured_policy.yaml,Using latest tag,,,,,✔,,,,,,,,

28.role_overly_permissive.yaml,Default capabilities not dropped,,,,,✔,,,,,,,,
28.role_overly_permissive.yaml,Default namespace,,✔,,,,,,✔,,,,,
28.role_overly_permissive.yaml,Default service account token mounted,,,,,✔,,,,,,,,
28.role_overly_permissive.yaml,Filesystem not read-only,,,,,✔,,,,,,,,
28.role_overly_permissive.yaml,Image not pinned by digest,,,,,✔,,,,,,,,
28.role_overly_permissive.yaml,ImagePullPolicy not Always,,,,,✔,,,,,,,,
28.role_overly_permissive.yaml,Ingress backend not found,,,,,✔,,,,,,,,
28.role_overly_permissive.yaml,NetworkPolicy missing selectors,,,,,✔,,,,,,,,
28.role_overly_permissive.yaml,No AppArmor profile,,,,,✔,,,,,,,,
28.role_overly_permissive.yaml,No CPU limit,,,,,✔,,,,,,,,
28.role_overly_permissive.yaml,No CPU request,,,,,✔,,,,,,,,
28.role_overly_permissive.yaml,No TLS configured (Ingress),,,,,✔,,,,,,,,
28.role_overly_permissive.yaml,No livenessProbe,,,,,✔,,,,,,,,
28.role_overly_permissive.yaml,No memory limit,,,,,✔,,,,,,,,
28.role_overly_permissive.yaml,No memory request,,,,,✔,,,,,,,,
28.role_overly_permissive.yaml,No network policy,,,,,✔,,,,,,,,
28.role_overly_permissive.yaml,No readinessProbe,,,,,✔,,,,,,,,
28.role_overly_permissive.yaml,No seccomp profile,,,,,✔,,,,,,,,
28.role_overly_permissive.yaml,Overly permissive Role,,✔,,,,,,,,✔,,,
28.role_overly_permissive.yaml,Privilege escalation allowed,,,,,✔,,,,,,,,
28.role_overly_permissive.yaml,Privileged container,,,,,✔,,,,,,,,
28.role_overly_permissive.yaml,Runs as root user,,,,,✔,,,✔,,,,,
28.role_overly_permissive.yaml,Using latest tag,,✔,,,✔,,,,,,,,

29.helm_rabbitmq_hardcoded_credentials.yaml,Default capabilities not dropped,,,,,✔,,,,,,,,
29.helm_rabbitmq_hardcoded_credentials.yaml,Default service account token mounted,,,,,✔,,,,,,,,
29.helm_rabbitmq_hardcoded_credentials.yaml,Filesystem not read-only,,,,,✔,,,,,,,,
29.helm_rabbitmq_hardcoded_credentials.yaml,Image not pinned by digest,,,,,✔,,,,,,,,
29.helm_rabbitmq_hardcoded_credentials.yaml,ImagePullPolicy not Always,,,,,✔,,,,,,,,
29.helm_rabbitmq_hardcoded_credentials.yaml,Ingress backend not found,,,,,✔,,,,,,,,
29.helm_rabbitmq_hardcoded_credentials.yaml,NetworkPolicy missing selectors,,,,,✔,,,,,,,,
29.helm_rabbitmq_hardcoded_credentials.yaml,No AppArmor profile,,,,,✔,,,,,,,,
29.helm_rabbitmq_hardcoded_credentials.yaml,No CPU limit,,,,,✔,,,,,,,,
29.helm_rabbitmq_hardcoded_credentials.yaml,No CPU request,,,,,✔,,,,,,,,
29.helm_rabbitmq_hardcoded_credentials.yaml,No TLS configured (Ingress),,,,,✔,,,,,,,,
29.helm_rabbitmq_hardcoded_credentials.yaml,No livenessProbe,,,,,✔,,,,,,,,
29.helm_rabbitmq_hardcoded_credentials.yaml,No memory limit,,,,,✔,,,,,,,,
29.helm_rabbitmq_hardcoded_credentials.yaml,No memory request,,,,,✔,,,,,,,,
29.helm_rabbitmq_hardcoded_credentials.yaml,No network policy,,,,,✔,,,,,,,,
29.helm_rabbitmq_hardcoded_credentials.yaml,No readinessProbe,,,,,✔,,,,,,,,
29.helm_rabbitmq_hardcoded_credentials.yaml,No seccomp profile,,,,,✔,,,,,,,,
29.helm_rabbitmq_hardcoded_credentials.yaml,Privilege escalation allowed,,,,,✔,,,,,,,,
29.helm_rabbitmq_hardcoded_credentials.yaml,Privileged container,,,,,✔,,,,,,,,
29.helm_rabbitmq_hardcoded_credentials.yaml,Runs as root user,,,,,✔,,,✔,,,,,
29.helm_rabbitmq_hardcoded_credentials.yaml,Unencrypted Secret,,,,,,,,,,,,✔,
29.helm_rabbitmq_hardcoded_credentials.yaml,Using latest tag,,,,,✔,,,,,,,,

34.unencrypted_secret.yaml,Default capabilities not dropped,,,,,✔,,,,,,,,
34.unencrypted_secret.yaml,Default namespace,,✔,,,,,,✔,,,,,
34.unencrypted_secret.yaml,Default service account token mounted,,,,,✔,,,,,,,,
34.unencrypted_secret.yaml,Filesystem not read-only,,,,,✔,,,,,,,,
34.unencrypted_secret.yaml,Image not pinned by digest,,,,,✔,,,,,,,,
34.unencrypted_secret.yaml,ImagePullPolicy not Always,,,,,✔,,,,,,,,
34.unencrypted_secret.yaml,Ingress backend not found,,,,,✔,,,,,,,,
34.unencrypted_secret.yaml,NetworkPolicy missing selectors,,,,,✔,,,,,,,,
34.unencrypted_secret.yaml,No AppArmor profile,,,,,✔,,,,,,,,
34.unencrypted_secret.yaml,No CPU limit,,,,,✔,,,,,,,,
34.unencrypted_secret.yaml,No CPU request,,,,,✔,,,,,,,,
34.unencrypted_secret.yaml,No TLS configured (Ingress),,,,,✔,,,,,,,,
34.unencrypted_secret.yaml,No livenessProbe,,,,,✔,,,,,,,,
34.unencrypted_secret.yaml,No memory limit,,,,,✔,,,,,,,,
34.unencrypted_secret.yaml,No memory request,,,,,✔,,,,,,,,
34.unencrypted_secret.yaml,No network policy,,,,,✔,,,,,,,,
34.unencrypted_secret.yaml,No readinessProbe,,,,,✔,,,,,,,,
34.unencrypted_secret.yaml,No seccomp profile,,,,,✔,,,,,,,,
34.unencrypted_secret.yaml,Privilege escalation allowed,,,,,✔,,,,,,,,
34.unencrypted_secret.yaml,Privileged container,,,,,✔,,,,,,,,
34.unencrypted_secret.yaml,Runs as root user,,,,,✔,,,✔,,,,,
34.unencrypted_secret.yaml,Unencrypted Secret,,✔,,,,,,✔,,,,✔,
34.unencrypted_secret.yaml,Using latest tag,,✔,,,✔,,,,,,,,

