file,kind,name,namespace,category,severity,priority,status,score,tools,provenance,reason
13.deployment.yaml,,,,Security/PrivilegedContainer,HIGH,CRITICAL,Actual,1.32,checkov;conftest;kubeaudit;kubelinter;kubescore;polaris,tools,"strong-tool={'conftest', 'kubeaudit', 'polaris', 'checkov'}"
13.deployment.yaml,Deployment,nginx-deployment,,Security/PrivilegedContainer,HIGH,CRITICAL,Actual,0.3,trivy,tools,strong-tool={'trivy'}
13.deployment.yaml,,,,Security/AllowPrivilegeEscalation,HIGH,HIGH,Actual,0.95,checkov;conftest;kubeaudit;kubelinter;polaris,tools,"strong-tool={'conftest', 'kubeaudit', 'polaris', 'checkov'}"
13.deployment.yaml,,,,Resources/MissingLimits,MEDIUM,HIGH,Actual,2.38,checkov;conftest;kubelinter;polaris,tools,"strong-tool={'conftest', 'polaris', 'checkov'}"
13.deployment.yaml,,,,Resources/MissingRequests,MEDIUM,HIGH,Actual,2.62,checkov;conftest;kubelinter;kubescore;polaris,tools,"strong-tool={'conftest', 'kubescore', 'polaris', 'checkov'}"
13.deployment.yaml,,,,Security/CapabilitiesNotDropped,MEDIUM,HIGH,Actual,1.33,checkov;conftest;kubeaudit;polaris;trivy,tools,"strong-tool={'trivy', 'checkov', 'conftest', 'kubeaudit', 'polaris'}"
13.deployment.yaml,,,,Security/ReadOnlyRootFSFalse,MEDIUM,HIGH,Actual,1.27,checkov;conftest;kubeaudit;kubelinter;kubescore;polaris,tools,"strong-tool={'conftest', 'kubeaudit', 'polaris', 'checkov'}"
13.deployment.yaml,,,,Probes/MissingReadinessLiveness,MEDIUM,HIGH,Actual,2.26,checkov;conftest;polaris,tools,"strong-tool={'conftest', 'polaris', 'checkov'}"
13.deployment.yaml,,,,Policy/PodSecurityViolation,HIGH,HIGH,Actual,0.35,checkov;trivy,tools,strong-tool={'checkov'}
13.deployment.yaml,,,,Auth/RunAsRoot,MEDIUM,HIGH,Actual,1.9,checkov;conftest;kubeaudit;kubelinter;polaris,tools,"strong-tool={'conftest', 'kubeaudit', 'polaris', 'checkov'}"
13.deployment.yaml,,,,Security/MissingSeccompProfile,MEDIUM,HIGH,Actual,1.38,checkov;conftest;kubeaudit;polaris;trivy,tools,"strong-tool={'trivy', 'checkov', 'conftest', 'kubeaudit', 'polaris'}"
13.deployment.yaml,Deployment,nginx-deployment,,Probes/MissingReadinessLiveness,MEDIUM,HIGH,Actual,0.5,conftest,tools,strong-tool={'conftest'}
13.deployment.yaml,Deployment,nginx-deployment,,Security/CapabilitiesNotDropped,MEDIUM,HIGH,Actual,0.4,conftest;trivy,tools,"strong-tool={'trivy', 'conftest'}"
13.deployment.yaml,Deployment,nginx-deployment,,Resources/MissingLimits,MEDIUM,HIGH,Actual,1.05,conftest;trivy,tools,strong-tool={'conftest'}
13.deployment.yaml,Deployment,nginx-deployment,,Security/MissingSeccompProfile,MEDIUM,HIGH,Actual,0.25,conftest,tools,strong-tool={'conftest'}
13.deployment.yaml,Deployment,nginx-deployment,,Security/ReadOnlyRootFSFalse,MEDIUM,HIGH,Actual,0.4,conftest;trivy,tools,"strong-tool={'trivy', 'conftest'}"
13.deployment.yaml,Deployment,nginx-deployment,,Resources/MissingRequests,MEDIUM,HIGH,Actual,0.8,conftest;trivy,tools,strong-tool={'conftest'}
13.deployment.yaml,Deployment,nginx-deployment,,Auth/RunAsRoot,MEDIUM,HIGH,Actual,0.7,conftest;trivy,tools,"strong-tool={'trivy', 'conftest'}"
13.deployment.yaml,Deployment,,,Schema/InvalidManifest,HIGH,HIGH,Actual,0.2,kubeconform,tools,high-priority-tools=1
13.deployment.yaml,Deployment,nginx-deployment,,Security/AllowPrivilegeEscalation,HIGH,HIGH,Actual,0.15,trivy,tools,strong-tool={'trivy'}
13.deployment.yaml,Service,,,Auth/AutomountServiceAccountToken,MEDIUM,MEDIUM,Actual,0.63,checkov;conftest;polaris,tools,"strong-tool={'conftest', 'checkov'}"
13.deployment.yaml,Deployment,nginx-deployment,,Auth/DefaultServiceAccount,MEDIUM,MEDIUM,Actual,0.25,conftest,tools,strong-tool={'conftest'}
13.deployment.yaml,Deployment,nginx-deployment,,Security/MissingAppArmorProfile,MEDIUM,MEDIUM,NeedsCorroboration,0.25,conftest,tools,below-consensus-tools=1<2
13.deployment.yaml,Deployment,nginx-deployment,,Network/MissingNetworkPolicy,MEDIUM,MEDIUM,Actual,0.5,conftest,tools,strong-tool={'conftest'}
13.deployment.yaml,NetworkPolicy,,,Network/MissingNetworkPolicy,MEDIUM,MEDIUM,Actual,0.55,conftest;kubescore;polaris,tools,"strong-tool={'conftest', 'kubescore'}"
13.deployment.yaml,,,,Security/MissingAppArmorProfile,MEDIUM,MEDIUM,Actual,0.45,conftest;kubeaudit,tools,strong-tool={'kubeaudit'}
13.deployment.yaml,,,,Auth/DefaultServiceAccount,MEDIUM,MEDIUM,Actual,0.25,conftest,tools,strong-tool={'conftest'}
13.deployment.yaml,ServiceAccount,,,Auth/DefaultServiceAccount,MEDIUM,MEDIUM,Actual,0.2,kubeaudit,tools,strong-tool={'kubeaudit'}
UNKNOWN_FILE,Deployment,,,Image/PullPolicyNotAlways,MEDIUM,MEDIUM,Actual,0.18,polaris,tools,strong-tool={'polaris'}
13.deployment.yaml,,,,Auth/DefaultNamespace,LOW,LOW,Actual,0.35,checkov;trivy,tools,"strong-tool={'trivy', 'checkov'}"
13.deployment.yaml,,,,Image/TagNotPinned,LOW,LOW,Actual,0.87,checkov;conftest;kubelinter;kubescore;polaris,tools,"strong-tool={'conftest', 'kubescore', 'polaris', 'checkov'}"
13.deployment.yaml,Deployment,nginx-deployment,,Misc/Unmapped,MEDIUM,LOW,NeedsCorroboration,0.75,conftest,tools,below-consensus-tools=1<2
13.deployment.yaml,Deployment,nginx-deployment,,Auth/DefaultNamespace,LOW,LOW,NeedsCorroboration,0.25,conftest,tools,below-consensus-tools=1<2
13.deployment.yaml,Deployment,nginx-deployment,,Image/TagNotPinned,LOW,LOW,Actual,0.25,conftest,tools,strong-tool={'conftest'}
13.deployment.yaml,,,,Misc/Unmapped,MEDIUM,LOW,Actual,3.58,conftest;kubelinter;kubescore;polaris,tools,consensus=4>=2
13.deployment.yaml,,,,Style/YamlLint,LOW,LOW,Actual,0.5,yamllint,tools,strong-tool={'yamllint'}
